,collection
0,0n1-force
1,acclimatedmooncats
2,adam-bomb-squad
3,autoglyphs
4,bored-ape-kennel-club
5,boredapeyachtclub
6,collectvox
7,creature-world-collection
8,cryptoadz-by-gremplin
9,cryptokitties
10,cryptopunks
11,wrapped-cryptopunks
12,cryptovoxels
13,cyberkongz-vx
14,deadfellaz
15,decentraland
16,doodles-official
17,noodlesnft-official
18,fluf-world-burrows
19,galacticapes
20,galaxyeggs9999
21,hashmasks
22,jungle-freaks-by-trosley
23,koala-intelligence-agency
24,lazy-lions
25,lootproject
26,lostpoets
27,meebits
28,mekaverse
29,mutant-ape-yacht-club
30,mutantcats
31,pudgypenguins
32,punks-comic
33,rari721
34,rumble-kong-league
35,sandbox
36,sneaky-vampire-syndicate
37,cyberbrokers
38,weezervwezer
39,standaddrill
40,co1oniznnars
41,allworldcard
42,mlbtoppaacks
43,mlbtoppackss
44,alienworldtl
45,alieenlaands
46,aliernworlds
47,rplanetland4
48,co1oniemarss
49,rpllanetland
50,rpplanetland
51,metaforcever
52,sorare
53,supducks
54,superrare
55,official-v1-punks
56,the-doge-pound
57,the-sevens-official
58,veefriends
59,world-of-women-nft
60,sneaky-vampire-syndicate 
61,wrapped-mooncatsrescue
62,og-crystals
63,sadgirlsbar
64,collectvoxmirandus
65,collectvoxtownstar
66,avastar
67,goblintownwtf
68,n-project
70,azuki
71,azukielementalbeans
72,clonex
73,terraforms
74,cryptoninjapartners
75,beanzofficial
76,friendship-bracelets-by-alexis-andre
77,crypto-citizens
78,otherdeed
79,otherdeed-expanded
80,thecurrency
82,fluf
83,Cold-Blooded-Creepz
85,cool-cats-nft
86,mfers
87,cel-mates-crime-reports
88,akutars
89,blitmap
90,pxnghostdivision
91,hapeprime
92,sappy-seals
93,upworldlandv
94,sad-frogs-district
95,cryptopiece1
96,crypto-phunks
97,superrare1 
98,superrare2
99, wrapped-mooncats 
100,foundation
